Time,V1,V2,V3,V4,V5,V6,V7,V8,V9,V10,V11,V12,V13,V14,V15,V16,V17,V18,V19,V20,V21,V22,V23,V24,V25,V26,V27,V28,Amount
122414.0,-0.772066328642947,0.968516444227214,1.37026799414888,-1.47917001183444,1.270231597097,0.391207705861765,1.34683237641697,-0.797988420382784,1.47020177084611,0.655148051279933,1.18662245644771,-0.205677737128711,-0.502903534341468,-2.45887960240549,0.0674198216535446,0.402695400606468,-0.537195621518385,0.855538330427848,0.0909066268375271,0.669896888704403,-0.518961514108232,-0.486586415524461,-0.300218206510519,0.0718493465152585,-0.296641303903188,-0.437054140103331,-0.512043456157274,-0.772367580606533,7.7
62925.0,1.24402151342416,0.30091965123422,0.524099852658473,0.616720262495401,-0.389610934741622,-0.961339133304193,0.148138731240522,-0.269956460169534,-0.121673326415625,-0.10208084306491,-0.0325793184905073,0.951138643608986,1.41335587303031,0.0229823399347538,0.913042851911532,0.253799434765255,-0.486898633981906,-0.673582204353707,-0.127601166022815,-0.0046098304255792,-0.239672641260393,-0.660181813438941,0.114877280527097,0.40520034168885,0.251802676869733,0.0902305754645891,-0.0235960648409977,0.0228946318070864,10.78
82385.0,-1.2383709138782,1.80513347317455,0.580850847085845,0.0783099550814067,-0.282103814331723,-0.0666560551493869,-0.892025406210769,-2.09654089030308,-0.830926437961311,-1.26870718896104,-0.214455445284292,0.454484437987457,0.0141560415465959,0.305186783032447,1.01526444338456,0.372839586694813,0.589615083738722,-0.516965259135892,-0.618830708324937,0.602619529178839,-1.44869721987506,-0.177962856048567,0.286522998158188,0.0036256003215119,-0.277450851346304,0.0870659635746918,0.102265017602051,0.0684274106389312,0.96
52374.0,1.16242844062259,-1.09101699498069,1.15932266819853,-0.497876905229496,-1.80611571479501,-0.284371348038314,-1.21210584114698,0.172326730727558,-0.249320381236156,0.668443468911219,1.17453232081014,-0.160449307907886,-0.721576916736002,-0.319607240409504,-0.254103722229172,1.37009410820607,0.185982979279363,-0.477983621716406,0.655388929248496,0.168321655242747,0.405782688492337,1.00599383853203,-0.142605064959586,0.580784599134276,0.344812722081105,-0.0815913500277749,0.0273662286647965,0.0280836804137174,81.0
47488.0,-0.46750909684175,0.313322942027487,1.46545930478517,-1.07751688411123,-0.656752813048278,-0.368689418794318,0.320997105563677,-0.150092111836492,-1.09624494295782,0.193330651675561,-0.140488247226737,-0.195485064838458,0.447662206101917,-0.659907890393811,-0.597743085163591,-0.0607716687798713,1.08358972377038,-2.2237935841827,0.622036240041898,0.0326443560919766,0.20856621560983,0.677128106244592,-0.171372722242242,0.454811765699368,0.106640537340293,-0.203145929325828,-0.167423720659423,0.0321723257075265,39.71
10965.0,1.14486075719133,-0.084093958234779,0.964407941093195,0.273586974687835,-0.858690120395755,-0.61434894445049,-0.472460772552319,-0.102047090630878,1.39047049793438,-0.375755542991187,2.60245841594217,-1.36429013283034,2.13432691534613,1.5975546229116,-0.183663371895493,0.605037478749317,0.0925934332604065,0.531740294237655,-0.20151094305575,-0.0003508226223432,0.0179729530972638,0.245389343810552,-0.0286734438638433,0.566314975939012,0.15647939374198,0.997174951162754,-0.0942778558858456,0.002697156994774,39.0
79459.0,-1.10450977710142,-0.295646876307113,2.44043658102619,0.151867072568887,1.28394691197008,2.26317222962396,-0.115523855095603,-0.140525533139674,1.13836247528438,1.02705916241481,1.81977966033592,0.45767348764775,-0.659143923951729,-1.06795247766999,0.976923999969675,-1.5265949154402,0.472874335872293,-1.42969205925475,-0.2955135254142,-0.168896134018758,-0.0284016539883551,0.89287143963808,-0.282784230494349,-1.28677068807056,-1.19829540205358,0.272405818742311,-1.03266984690307,-0.65029928694155,2.29
80880.0,1.2253663680659,-0.0639970469318145,-0.260835593505634,0.0356592644303145,-0.185484668232591,-0.996530608020215,0.324570301777056,-0.307443978279788,0.0387546061740995,-0.128009935730562,-0.718047323002567,-0.0611414802157127,-0.0080639552904529,0.38994450677591,0.90679303651534,0.199634322136657,-0.378059396201381,-0.442013038890377,0.259969143044807,0.0559623115582524,-0.0795197458816061,-0.349538855205085,-0.145598129069422,-0.044122555149152,0.468487232188851,1.03387012276996,-0.114346950327321,0.001540309233613,67.46
37410.0,-0.7133998871985,0.193400546487613,1.57148763928241,-0.722063614266737,-0.494235202548012,-0.538037060805201,0.868992249432405,-0.0492945254615013,-1.90784996275933,0.14967225852697,1.0442609274547,0.463787963413853,0.17241337655403,0.270001776278252,-0.687831139232243,-1.01801205577552,-0.678423481573342,1.55525601658727,-1.53485264872003,-0.319361732662601,-0.300172474825766,-0.713534226009372,0.24564250879995,0.443646204029497,-0.165477152188945,-0.788156143790807,0.0860114280643556,0.135561118914074,118.15
32030.0,-0.799915632108157,2.13507356861854,-0.309881439537039,1.58352462010009,-0.008810294840608,-0.642185544856927,0.0224489726766722,0.643746450085832,-1.12227308453852,-0.67846785821888,-0.448158259785128,0.580260327864851,1.84830276933478,-0.838846986313451,1.5519162655306,0.100699138769715,1.31731494101332,0.866090539515437,1.29727853099045,0.166768424857146,0.0863970503860538,0.250242174141666,-0.161369523135554,-0.209870835485683,0.063480743868754,-0.113496884862553,0.0070848561051262,0.034921472498351,1.0
