Time,V1,V2,V3,V4,V5,V6,V7,V8,V9,V10,V11,V12,V13,V14,V15,V16,V17,V18,V19,V20,V21,V22,V23,V24,V25,V26,V27,V28,Amount,Class
122414.0,-0.772066328642947,0.968516444227214,1.37026799414888,-1.47917001183444,1.270231597097,0.391207705861765,1.34683237641697,-0.797988420382784,1.47020177084611,0.655148051279933,1.18662245644771,-0.205677737128711,-0.502903534341468,-2.45887960240549,0.0674198216535446,0.402695400606468,-0.537195621518385,0.855538330427848,0.0909066268375271,0.669896888704403,-0.518961514108232,-0.486586415524461,-0.300218206510519,0.0718493465152585,-0.296641303903188,-0.437054140103331,-0.512043456157274,-0.772367580606533,7.7,0
62925.0,1.24402151342416,0.30091965123422,0.524099852658473,0.616720262495401,-0.389610934741622,-0.961339133304193,0.148138731240522,-0.269956460169534,-0.121673326415625,-0.10208084306491,-0.0325793184905073,0.951138643608986,1.41335587303031,0.0229823399347538,0.913042851911532,0.253799434765255,-0.486898633981906,-0.673582204353707,-0.127601166022815,-0.0046098304255792,-0.239672641260393,-0.660181813438941,0.114877280527097,0.40520034168885,0.251802676869733,0.0902305754645891,-0.0235960648409977,0.0228946318070864,10.78,0
82385.0,-1.2383709138782,1.80513347317455,0.580850847085845,0.0783099550814067,-0.282103814331723,-0.0666560551493869,-0.892025406210769,-2.09654089030308,-0.830926437961311,-1.26870718896104,-0.214455445284292,0.454484437987457,0.0141560415465959,0.305186783032447,1.01526444338456,0.372839586694813,0.589615083738722,-0.516965259135892,-0.618830708324937,0.602619529178839,-1.44869721987506,-0.177962856048567,0.286522998158188,0.0036256003215119,-0.277450851346304,0.0870659635746918,0.102265017602051,0.0684274106389312,0.96,0
52374.0,1.16242844062259,-1.09101699498069,1.15932266819853,-0.497876905229496,-1.80611571479501,-0.284371348038314,-1.21210584114698,0.172326730727558,-0.249320381236156,0.668443468911219,1.17453232081014,-0.160449307907886,-0.721576916736002,-0.319607240409504,-0.254103722229172,1.37009410820607,0.185982979279363,-0.477983621716406,0.655388929248496,0.168321655242747,0.405782688492337,1.00599383853203,-0.142605064959586,0.580784599134276,0.344812722081105,-0.0815913500277749,0.0273662286647965,0.0280836804137174,81.0,0
47488.0,-0.46750909684175,0.313322942027487,1.46545930478517,-1.07751688411123,-0.656752813048278,-0.368689418794318,0.320997105563677,-0.150092111836492,-1.09624494295782,0.193330651675561,-0.140488247226737,-0.195485064838458,0.447662206101917,-0.659907890393811,-0.597743085163591,-0.0607716687798713,1.08358972377038,-2.2237935841827,0.622036240041898,0.0326443560919766,0.20856621560983,0.677128106244592,-0.171372722242242,0.454811765699368,0.106640537340293,-0.203145929325828,-0.167423720659423,0.0321723257075265,39.71,0
10965.0,1.14486075719133,-0.084093958234779,0.964407941093195,0.273586974687835,-0.858690120395755,-0.61434894445049,-0.472460772552319,-0.102047090630878,1.39047049793438,-0.375755542991187,2.60245841594217,-1.36429013283034,2.13432691534613,1.5975546229116,-0.183663371895493,0.605037478749317,0.0925934332604065,0.531740294237655,-0.20151094305575,-0.0003508226223432,0.0179729530972638,0.245389343810552,-0.0286734438638433,0.566314975939012,0.15647939374198,0.997174951162754,-0.0942778558858456,0.002697156994774,39.0,0
79459.0,-1.10450977710142,-0.295646876307113,2.44043658102619,0.151867072568887,1.28394691197008,2.26317222962396,-0.115523855095603,-0.140525533139674,1.13836247528438,1.02705916241481,1.81977966033592,0.45767348764775,-0.659143923951729,-1.06795247766999,0.976923999969675,-1.5265949154402,0.472874335872293,-1.42969205925475,-0.2955135254142,-0.168896134018758,-0.0284016539883551,0.89287143963808,-0.282784230494349,-1.28677068807056,-1.19829540205358,0.272405818742311,-1.03266984690307,-0.65029928694155,2.29,0
80880.0,1.2253663680659,-0.0639970469318145,-0.260835593505634,0.0356592644303145,-0.185484668232591,-0.996530608020215,0.324570301777056,-0.307443978279788,0.0387546061740995,-0.128009935730562,-0.718047323002567,-0.0611414802157127,-0.0080639552904529,0.38994450677591,0.90679303651534,0.199634322136657,-0.378059396201381,-0.442013038890377,0.259969143044807,0.0559623115582524,-0.0795197458816061,-0.349538855205085,-0.145598129069422,-0.044122555149152,0.468487232188851,1.03387012276996,-0.114346950327321,0.001540309233613,67.46,0
37410.0,-0.7133998871985,0.193400546487613,1.57148763928241,-0.722063614266737,-0.494235202548012,-0.538037060805201,0.868992249432405,-0.0492945254615013,-1.90784996275933,0.14967225852697,1.0442609274547,0.463787963413853,0.17241337655403,0.270001776278252,-0.687831139232243,-1.01801205577552,-0.678423481573342,1.55525601658727,-1.53485264872003,-0.319361732662601,-0.300172474825766,-0.713534226009372,0.24564250879995,0.443646204029497,-0.165477152188945,-0.788156143790807,0.0860114280643556,0.135561118914074,118.15,0
32030.0,-0.799915632108157,2.13507356861854,-0.309881439537039,1.58352462010009,-0.008810294840608,-0.642185544856927,0.0224489726766722,0.643746450085832,-1.12227308453852,-0.67846785821888,-0.448158259785128,0.580260327864851,1.84830276933478,-0.838846986313451,1.5519162655306,0.100699138769715,1.31731494101332,0.866090539515437,1.29727853099045,0.166768424857146,0.0863970503860538,0.250242174141666,-0.161369523135554,-0.209870835485683,0.063480743868754,-0.113496884862553,0.0070848561051262,0.034921472498351,1.0,0
93602.0,-5.075424185571398,3.959174137294254,-3.9491801170955174,2.7291775044289155,-1.4983078415793725,-1.404560282775846,-2.463090730222137,-0.7275736005967405,-3.2411356228448964,-3.4590841347979873,6.616199111378595,-4.661526993057695,-0.4890000486364075,-11.2523938213272,0.1974971056560508,-3.758030146407391,-4.8315787349651105,-3.8807586414192468,1.5965927091373653,0.6058894651024986,0.15609000654327837,-0.4877762027501211,-0.3054167029986458,0.08830229399727246,-0.32950659258010345,-0.7164078076933889,-0.510028447827421,-0.7727215965076774,11085.44,1
93613.0,-3.0113223098579933,3.272171483665993,-4.591091458830629,4.96432394085632,-3.1646483621384314,-3.0373128001238783,-3.738424695449291,-0.48682945101365255,-4.811389173111689,-4.1451258183489506,5.299111859039705,-3.522407840001067,1.3213429113236654,-8.50686876074128,0.8487621682430321,-3.8619635337270317,-4.635734969589587,-5.201367999239001,1.3702814642720567,0.03936870807779916,0.5979695166836774,-0.5796444716784434,0.08456658635156361,0.33927547850684975,0.3048789936988632,0.044684682145841904,0.018666644363815415,-0.04083564039833566,1.0,1
93642.0,-5.586168586493868,4.739680828336899,-4.665586473052122,4.3596499656247305,-3.236541995633029,-1.9606676599599648,-4.710673472884573,-2.1469564877986174,-5.406527428827582,-5.415394031197304,5.292142276978475,-4.169669109073316,-0.004309470521898865,-8.32984465897208,1.0092032836347609,-3.7714800836698883,-3.4473016589719245,-5.216466616631162,1.0119646854723543,0.6473816067956412,-0.639418632151131,-0.3356176579726149,0.2352575724131463,0.033605654443927394,-0.2833411424171503,0.201641356822653,0.13126033330770176,0.15127351353764795,0.01,1
93646.0,-3.2848546498130298,1.6923349852638672,-3.89149435881325,3.8059161980456198,-4.579432897263974,-2.106647883701766,-5.181915190339238,0.16173714177261625,-4.907231088096233,-3.335154880745141,7.02317461129991,-4.6920725090875415,-1.0325916967554452,-9.22532930283423,-0.34803334646789996,-2.704750378398329,-4.150234082772868,-5.109012683850915,2.177341322519331,0.16180458870089984,1.2443422535218256,0.8036279262449397,-0.1268312590375614,0.6093913539781497,0.35060131638297093,-0.07754295146935712,0.038685077801053916,0.09834558614603459,19468.37,1
93651.0,-4.844441781049758,3.2282146980093227,-3.59991609101684,3.4736883939161443,-3.251525909411045,-2.3003129865954266,-3.578905460862243,-0.013267231946537422,-5.76746018384289,-3.9189747627973643,5.202414979400083,-4.716011524275538,0.2715214985423835,-9.1134498849805,-0.671872768299999,-4.1824749271154795,-3.1223439922440446,-7.021576497505908,2.1615567338745447,0.05774231098084078,1.1246601062438148,0.7019971910261684,-0.17328794134653136,0.6253261836590969,0.08587865969886518,-0.30388747873344235,-0.22214700488641229,0.009868759819282799,19426.89,1
93666.0,-3.318730883336486,2.936552445835581,-4.144660641197675,4.577552439322428,-3.8579617103367427,-2.4214519389389846,-4.328306762184253,-0.027006134400698906,-3.4401587600025323,-4.427537851009001,7.979518297060677,-5.990460919913601,2.19081483912687,-6.824734111511049,-0.3349513934853855,-3.507452989959757,-4.1576428831213,-4.2846710152282315,1.358292010205093,0.0358425845414419,0.9036386638616856,0.2496463458249183,-0.015992521833397028,0.44904498356051203,0.23893436593657835,0.9163528888313968,-0.06745802765968678,0.03982557970694547,18589.79,1
93666.0,-5.39835998338485,2.4273154651163904,-2.9648291646624556,4.558385870151886,-1.3803462264159814,0.34901409317204424,-3.8454510914925577,-0.17614240145807578,-3.500551566169371,-3.2173869805027193,7.333175051809851,-4.041084488834028,-0.9905252473056607,-9.734918490258169,1.1257662836387805,-5.770977169355436,-3.8954553551593016,-5.805339338734685,1.3990992441878545,-0.13039889845701846,0.654470950210635,0.869296736525747,-0.31364349592561763,-1.212011121723766,-1.1998288909771722,0.3695446576607622,-1.0685749034310108,-0.6320807310523714,1.0,1
93686.0,-2.8619015698417143,2.7883715375585134,-5.414624583430585,4.563508080160483,-2.952786672796008,-2.8058710078048454,-3.3770146157003826,-0.3475631123806481,-4.675287778096596,-4.2041237635532305,4.842627846060327,-4.668260489667948,0.12373844825093633,-8.310799094682016,0.8885484210189631,-3.9748400665300543,-4.485305522745823,-5.1359535061871355,1.896654096779432,0.09863721542409742,0.5614392459410118,-0.3458430282559772,-0.16612508223204228,-0.051657258728107246,0.311341928871613,1.0474129212884038,-0.056948691585350625,-0.12420114359733898,1.0,1
93702.0,-5.096390214343427,2.8350630500710503,-3.5199819787859545,3.6115338743677743,-3.367440754952139,-2.2372014284930795,-3.1164952223750917,-0.07652805588352828,-6.341989467525055,-4.135614962551864,6.494890999445074,-3.9659254393013366,-0.09942384977909735,-8.412231012211514,-0.5734619648291682,-4.891580627376072,-4.864997483059136,-3.0007039889331417,0.067039141851585,-0.34046417264129686,0.5340121411362236,-0.7960653345637158,0.2144791694728447,0.44246492941334686,-0.21490233681289014,-0.784032195415222,0.019314538780173543,0.14760806515513347,11654.73,1
93717.0,-5.203606342164583,4.866016431052506,-5.380779742070515,5.979565918206771,-2.514276336386493,-2.643359556024868,-3.902217461885881,0.809581170429553,-5.645621986793635,-4.999437345281914,4.997618351514884,-3.92500177809152,1.966113954756071,-9.653404952905284,1.5534939537391204,-4.057193269291034,-2.859333720997524,-3.7460906101555818,2.7886663879297053,0.23693608932237897,0.7793077732719759,0.10508458472254356,-0.18902671167690296,-0.3319464074105289,-0.07712320831114759,-0.11809015863229645,-0.00013664193488387068,0.03197013589055958,2766.8,1
